Number_of_Riders,Number_of_Drivers,Location_Category,Customer_Loyalty_Status,Number_of_Past_Rides,Average_Ratings,Time_of_Booking,Vehicle_Type,Expected_Ride_Duration,Historical_Cost_of_Ride
90,45,Urban,Silver,13,4.47,Night,Premium,90,284.25727302188227
58,39,Suburban,Silver,72,4.06,Evening,Economy,43,173.87475274940766
42,31,Rural,Silver,0,3.99,Afternoon,Premium,76,329.7954689622466
89,28,Rural,Regular,67,4.31,Afternoon,Premium,134,470.2012317513198
78,22,Rural,Regular,74,3.77,Afternoon,Economy,149,579.6814223640141
59,35,Urban,Silver,83,3.51,Night,Economy,128,339.9553606047221
93,43,Suburban,Regular,44,4.41,Afternoon,Premium,16,104.06154127359153
62,39,Rural,Gold,83,3.59,Afternoon,Premium,47,235.81186355604996
79,14,Rural,Silver,71,3.74,Evening,Economy,128,501.4125174833056
42,6,Rural,Silver,21,3.85,Night,Premium,128,398.99336457061025
86,17,Urban,Regular,99,4.69,Morning,Economy,167,669.2986264658781
60,38,Rural,Gold,15,4.14,Evening,Premium,144,414.9901047325251
24,8,Rural,Gold,50,4.12,Morning,Economy,164,490.41072171830416
36,24,Suburban,Silver,88,4.22,Night,Premium,83,296.24287599192223
63,13,Rural,Regular,74,4.95,Afternoon,Premium,102,327.0888648717375
39,12,Urban,Silver,30,4.51,Afternoon,Premium,140,445.1368684239125
38,28,Rural,Silver,35,3.93,Afternoon,Premium,54,244.5361718306458
46,14,Suburban,Silver,21,4.71,Afternoon,Economy,15,47.31430863361691
33,7,Suburban,Gold,49,4.31,Evening,Premium,22,129.8082629093964
31,7,Suburban,Silver,24,4.82,Evening,Premium,87,382.9481103198511
96,45,Urban,Regular,6,4.95,Afternoon,Premium,11,82.77279318243978
22,11,Suburban,Silver,79,4.48,Night,Economy,15,64.07117255500656
74,16,Rural,Regular,6,3.97,Morning,Economy,139,390.6687658288554
24,12,Urban,Regular,10,3.6,Evening,Premium,45,212.16652497375455
48,19,Suburban,Gold,72,3.81,Night,Premium,65,235.65813370551408
56,13,Rural,Regular,36,4.81,Evening,Economy,162,406.5574980533908
72,33,Rural,Gold,66,4.39,Morning,Premium,30,182.4744270596517
97,75,Urban,Silver,76,4.7,Night,Economy,158,652.617297300081
62,33,Suburban,Regular,39,3.91,Evening,Premium,129,403.22709836941993
57,38,Suburban,Silver,54,4.1,Night,Premium,131,537.7848594528473
25,7,Suburban,Silver,13,3.99,Morning,Premium,81,286.13145256368455
75,56,Suburban,Gold,94,4.79,Evening,Premium,153,485.0546633356366
39,9,Urban,Gold,39,4.64,Afternoon,Premium,48,171.0859835160851
35,24,Suburban,Gold,73,3.76,Evening,Premium,105,485.8784537318511
68,32,Suburban,Regular,34,3.58,Morning,Economy,77,294.7328864777875
96,43,Rural,Silver,97,3.68,Morning,Premium,91,392.83872040801793
28,11,Suburban,Gold,52,4.33,Afternoon,Premium,94,456.1809467866996
25,15,Rural,Gold,65,4.88,Evening,Premium,101,502.52932078734773
28,6,Suburban,Regular,2,4.29,Morning,Economy,89,244.21766165291973
73,17,Rural,Regular,14,4.81,Evening,Premium,170,634.7265312250814
36,18,Urban,Silver,88,3.73,Night,Premium,92,345.40676830595487
56,10,Urban,Silver,55,4.5,Night,Economy,45,151.15212964816465
97,81,Suburban,Regular,52,4.56,Evening,Economy,125,530.7599938912294
63,9,Rural,Regular,89,3.87,Afternoon,Premium,166,482.85016419959805
78,33,Urban,Silver,35,4.46,Morning,Premium,116,355.9595074862448
29,10,Suburban,Regular,25,3.77,Afternoon,Economy,91,303.9609626071891
73,33,Suburban,Silver,60,3.88,Night,Premium,161,514.8771742414517
94,29,Urban,Regular,67,3.59,Evening,Premium,96,361.13235495172165
54,28,Suburban,Silver,83,4.49,Night,Economy,32,80.26246462184758
67,6,Rural,Gold,15,3.53,Night,Economy,123,420.6239113101238
23,8,Urban,Silver,27,4.73,Afternoon,Economy,117,520.8926706123274
70,14,Urban,Silver,16,4.3,Morning,Economy,53,183.07579104191225
20,10,Rural,Silver,70,4.92,Evening,Economy,65,190.13746358777752
95,84,Suburban,Gold,18,3.86,Afternoon,Premium,112,522.3021028701461
43,16,Urban,Silver,40,4.89,Night,Premium,106,410.6863449474928
97,55,Suburban,Silver,94,4.62,Evening,Premium,150,584.9958711291002
32,20,Rural,Silver,44,3.55,Night,Economy,68,301.62262644973293
95,25,Suburban,Regular,72,4.16,Morning,Premium,128,413.5870840445325
47,15,Urban,Gold,14,4.84,Night,Economy,89,273.11810461931896
25,11,Rural,Silver,33,3.85,Night,Economy,94,247.1745626508575
37,22,Rural,Regular,76,4.72,Afternoon,Economy,69,213.44325079724317
59,39,Suburban,Gold,49,3.78,Morning,Premium,98,295.79438015283176
42,20,Urban,Silver,88,4.64,Night,Premium,29,145.0698091748401
53,11,Rural,Regular,2,3.5,Afternoon,Premium,81,297.0186264188845
79,64,Rural,Regular,91,4.57,Night,Economy,164,666.6870291344428
59,23,Urban,Gold,41,4.97,Evening,Premium,91,449.54563391452524
40,29,Urban,Regular,72,4.3,Afternoon,Economy,147,624.9860100296204
76,40,Suburban,Silver,77,4.17,Morning,Economy,28,96.03520851587072
41,26,Urban,Regular,96,3.91,Night,Economy,169,637.7593915947267
83,14,Urban,Regular,80,4.77,Night,Premium,64,295.5887110300315
44,17,Rural,Regular,15,4.0,Evening,Economy,98,353.33854512223814
91,73,Urban,Gold,61,4.39,Night,Economy,15,62.25429041832141
54,16,Suburban,Regular,8,4.5,Afternoon,Premium,67,266.0685899337195
59,37,Rural,Silver,86,4.67,Night,Premium,95,340.1282671016029
72,43,Suburban,Gold,28,4.87,Afternoon,Economy,132,443.25815535245397
47,9,Rural,Gold,49,4.44,Evening,Economy,96,265.05527443495566
32,22,Rural,Silver,49,4.65,Night,Economy,60,221.43438547917532
45,13,Rural,Regular,96,4.84,Night,Economy,112,393.2308288248255
72,45,Urban,Silver,82,4.42,Night,Premium,40,151.58040412487964
56,15,Urban,Gold,34,4.72,Night,Premium,78,313.9950046053331
42,22,Rural,Silver,67,3.81,Afternoon,Premium,82,366.1515260551269
52,14,Suburban,Silver,87,3.54,Afternoon,Premium,98,425.97356882411634
81,23,Urban,Gold,39,4.3,Evening,Economy,143,359.0531279855558
77,25,Rural,Regular,70,4.27,Afternoon,Premium,52,260.34417984860374
27,6,Urban,Gold,2,4.42,Night,Economy,86,320.30170917475425
74,34,Rural,Regular,18,4.66,Morning,Premium,140,454.49212153190336
92,69,Urban,Silver,88,4.69,Afternoon,Economy,18,45.11502370436019
77,34,Rural,Gold,33,4.13,Night,Premium,48,223.66211429318122
66,6,Rural,Regular,23,4.2,Evening,Economy,45,173.1577542620492
77,39,Urban,Regular,23,4.29,Morning,Economy,167,592.240499627505
35,16,Urban,Regular,31,4.75,Afternoon,Premium,113,379.3078104185831
48,38,Rural,Gold,40,3.7,Evening,Premium,80,360.71117031918743
61,18,Rural,Gold,84,3.93,Evening,Premium,58,203.49261837786295
71,21,Suburban,Silver,82,4.88,Afternoon,Premium,126,553.5451307734787
95,7,Rural,Gold,40,4.68,Evening,Economy,95,283.46644254307614
76,44,Suburban,Gold,20,3.56,Afternoon,Premium,105,435.14534513079855
32,13,Suburban,Regular,21,4.64,Afternoon,Economy,156,685.7681264991488
49,30,Rural,Silver,57,4.83,Evening,Economy,154,630.8608868741742
38,17,Urban,Silver,92,4.41,Afternoon,Premium,138,546.1568747653598
92,35,Suburban,Regular,46,4.72,Morning,Economy,45,115.35700254441713
40,29,Suburban,Silver,26,4.26,Night,Economy,152,404.0498951423794
55,42,Suburban,Silver,24,4.49,Afternoon,Economy,45,156.03832988580584
58,34,Rural,Gold,19,4.55,Morning,Premium,131,501.26295506529306
34,5,Urban,Regular,26,4.85,Evening,Premium,152,562.4369764527329
70,47,Suburban,Silver,3,3.66,Morning,Premium,53,216.80247508698307
51,24,Rural,Gold,25,4.68,Afternoon,Premium,16,120.09069016935676
88,56,Rural,Regular,11,4.36,Afternoon,Economy,60,221.1576532597614
25,8,Suburban,Silver,83,3.53,Evening,Economy,121,492.7012709061221
34,19,Rural,Regular,51,4.2,Night,Premium,166,754.2344800100251
40,15,Urban,Regular,90,3.62,Night,Premium,42,211.52772882563164
26,7,Suburban,Gold,58,4.91,Afternoon,Economy,161,460.75927538572495
81,42,Suburban,Regular,88,4.14,Afternoon,Economy,47,164.10747354764283
80,56,Suburban,Gold,63,4.57,Night,Premium,43,213.6962129956236
64,19,Rural,Gold,86,4.68,Night,Premium,171,732.9893961300692
45,18,Rural,Gold,68,4.07,Morning,Economy,136,350.6012026111729
84,49,Urban,Regular,32,4.25,Night,Premium,53,192.8798062051633
34,16,Urban,Silver,47,4.12,Evening,Economy,93,294.11580585015537
67,32,Suburban,Regular,40,4.47,Afternoon,Premium,13,82.52418774801069
93,23,Suburban,Silver,34,4.23,Evening,Premium,125,386.16906941399594
100,51,Urban,Silver,56,3.58,Night,Economy,89,310.9003272621974
35,22,Suburban,Gold,15,4.23,Morning,Premium,120,373.96284065200393
36,13,Rural,Silver,31,4.71,Night,Economy,71,221.55110013131713
28,18,Suburban,Regular,100,3.7,Afternoon,Economy,127,531.1127009643968
21,9,Urban,Gold,10,3.88,Morning,Premium,108,324.9426389036563
26,15,Urban,Regular,35,5.0,Morning,Premium,161,493.4068923175674
97,21,Suburban,Regular,59,3.87,Evening,Premium,174,778.6333560141928
26,15,Urban,Silver,10,3.71,Morning,Premium,171,720.1572085631501
91,56,Urban,Gold,17,4.66,Night,Economy,10,38.23523523879646
65,48,Rural,Silver,12,4.37,Afternoon,Premium,140,573.5891064527985
88,28,Urban,Gold,22,4.99,Night,Premium,154,682.016246966075
82,13,Suburban,Gold,32,3.58,Night,Economy,148,516.4367273015673
65,40,Urban,Silver,48,3.59,Evening,Economy,121,492.51960241928145
41,6,Urban,Silver,56,4.32,Night,Economy,11,49.234784001519046
85,36,Rural,Silver,64,4.32,Evening,Economy,152,506.6928860981053
35,13,Rural,Silver,80,3.8,Afternoon,Economy,93,304.3133394836575
83,29,Urban,Silver,78,4.42,Afternoon,Premium,23,111.179341237614
91,31,Urban,Regular,12,4.39,Night,Economy,39,163.21458328772866
44,28,Rural,Regular,31,4.92,Night,Premium,132,402.85698948061395
96,12,Suburban,Gold,15,4.97,Night,Economy,90,289.2351908680133
77,46,Suburban,Regular,97,4.2,Afternoon,Premium,25,150.53929481479082
91,80,Rural,Gold,74,4.74,Night,Economy,46,194.93555934032696
93,42,Rural,Silver,75,4.66,Morning,Economy,160,674.6485035775572
41,9,Rural,Silver,73,3.51,Morning,Economy,150,551.5572340398235
61,44,Suburban,Regular,69,4.54,Afternoon,Economy,52,132.2147645898824
83,10,Urban,Gold,28,3.91,Afternoon,Economy,23,70.11182411078714
59,22,Rural,Regular,79,4.38,Morning,Premium,93,346.2847096470098
42,31,Suburban,Gold,62,4.95,Night,Premium,13,102.04473025177862
81,16,Suburban,Regular,73,4.89,Night,Economy,125,494.1401793052489
72,19,Rural,Gold,89,4.74,Morning,Premium,45,183.658314681842
43,9,Rural,Silver,2,4.12,Morning,Economy,126,436.5576476487414
74,33,Urban,Silver,82,4.13,Afternoon,Economy,10,31.362081322241885
68,45,Rural,Silver,65,4.19,Evening,Economy,112,323.4791093139413
36,13,Urban,Silver,84,4.88,Evening,Premium,140,505.3840569466695
51,5,Urban,Gold,0,4.59,Afternoon,Premium,92,320.8576215627125
63,23,Urban,Silver,48,4.09,Evening,Economy,49,214.5660524456202
96,29,Urban,Regular,84,3.65,Night,Economy,176,758.5015334295354
94,59,Suburban,Regular,84,4.38,Morning,Premium,175,665.7295341217325
74,32,Suburban,Regular,2,4.7,Evening,Premium,38,171.06636292972274
91,13,Rural,Silver,32,3.6,Morning,Premium,160,647.3526381087524
69,12,Suburban,Regular,42,4.34,Afternoon,Premium,158,608.1282399929386
51,20,Rural,Silver,57,3.68,Night,Economy,67,246.92292493661097
45,17,Rural,Gold,10,4.93,Night,Premium,148,430.06653050329265
92,34,Suburban,Regular,98,3.99,Night,Economy,140,396.63875270925445
69,36,Suburban,Gold,55,4.74,Morning,Economy,109,436.0114486061054
56,14,Suburban,Silver,30,3.67,Night,Economy,48,202.9454568505992
43,26,Rural,Regular,59,4.91,Afternoon,Economy,175,731.7816872483901
86,48,Urban,Silver,37,4.15,Night,Economy,84,216.05054809363546
61,34,Urban,Gold,82,3.99,Night,Premium,10,83.86835620425342
50,36,Suburban,Gold,18,4.61,Night,Economy,145,572.2420492964254
73,34,Urban,Regular,95,4.31,Morning,Premium,21,118.8070474355678
76,7,Urban,Gold,76,4.35,Morning,Economy,72,245.8935711917164
87,41,Urban,Regular,87,4.36,Night,Economy,87,387.1117403297744
53,33,Rural,Regular,40,3.8,Morning,Premium,139,507.9505746530285
71,8,Suburban,Silver,57,3.68,Night,Economy,75,249.30297460101602
32,5,Rural,Gold,80,3.55,Night,Economy,14,45.91711193197189
91,30,Suburban,Gold,34,3.69,Afternoon,Economy,96,424.6120578300381
47,37,Suburban,Gold,64,3.75,Morning,Economy,31,85.97357530080251
23,13,Rural,Silver,42,4.55,Night,Economy,87,328.9669925908357
57,20,Rural,Regular,92,3.74,Morning,Economy,53,172.62943414987132
48,17,Suburban,Silver,2,4.09,Evening,Economy,85,261.9435328532634
22,5,Urban,Gold,39,4.92,Evening,Economy,56,199.0416803252397
60,19,Urban,Silver,37,4.22,Evening,Economy,68,232.28345491474454
94,42,Rural,Regular,0,4.23,Morning,Premium,36,185.311838106628
43,6,Suburban,Silver,34,4.4,Morning,Premium,24,153.76143970087224
97,18,Suburban,Regular,53,4.25,Night,Premium,26,126.4771352873347
47,17,Rural,Silver,7,4.8,Morning,Economy,173,609.5038276051239
39,28,Urban,Silver,72,3.76,Afternoon,Premium,87,287.1624375675698
50,39,Suburban,Regular,94,3.81,Evening,Premium,139,406.32480651562713
35,17,Urban,Regular,78,4.4,Evening,Premium,61,249.03711265544786
28,8,Suburban,Regular,69,3.86,Evening,Premium,175,620.9016915662245
51,32,Rural,Regular,98,4.44,Morning,Premium,51,267.0607016773296
54,12,Suburban,Silver,84,4.98,Evening,Premium,172,715.7547930992089
65,10,Urban,Regular,77,4.36,Afternoon,Economy,170,430.385487919734
61,26,Rural,Gold,21,3.85,Morning,Premium,126,604.273047008686
46,9,Suburban,Silver,67,4.22,Evening,Premium,47,243.5250631593867
73,50,Urban,Regular,7,4.22,Night,Economy,45,176.2144067384048
86,49,Urban,Regular,99,3.51,Night,Economy,130,471.4796320940979
75,7,Suburban,Gold,100,4.13,Morning,Economy,134,453.3769493913552
39,29,Suburban,Silver,12,4.24,Evening,Economy,97,251.10730645744061
33,6,Rural,Gold,90,4.81,Night,Premium,139,521.8019208244536
40,29,Suburban,Silver,6,4.94,Night,Premium,71,346.4926515319707
54,35,Suburban,Silver,66,4.4,Night,Economy,77,234.0714535105622
53,26,Urban,Gold,54,4.6,Night,Premium,52,184.02445130071476
81,34,Urban,Silver,98,3.55,Afternoon,Premium,164,554.8869659163038
45,20,Urban,Regular,80,4.73,Morning,Economy,63,192.61977241404603
20,9,Urban,Silver,77,3.91,Evening,Economy,89,227.796524806166
47,22,Rural,Silver,11,4.8,Afternoon,Premium,119,416.601648993299
33,18,Urban,Gold,90,3.61,Evening,Premium,146,671.7128294096442
78,57,Rural,Silver,5,4.82,Morning,Premium,127,552.6397714448676
26,12,Rural,Silver,9,3.75,Afternoon,Economy,115,321.37240510655704
62,21,Rural,Regular,61,4.57,Night,Economy,56,215.4338699200544
84,59,Suburban,Silver,67,4.27,Morning,Premium,164,758.9961232252967
49,8,Urban,Regular,1,4.06,Afternoon,Premium,157,694.4247148756359
34,22,Suburban,Gold,34,3.64,Morning,Economy,176,617.3632185255483
49,30,Rural,Silver,86,3.62,Afternoon,Premium,69,328.63536897966003
83,50,Rural,Regular,7,3.66,Evening,Premium,100,376.3000600585162
88,5,Urban,Silver,89,3.59,Night,Economy,27,70.20380336705749
90,71,Suburban,Gold,88,3.84,Morning,Economy,167,451.6848649701074
65,5,Rural,Silver,24,3.54,Night,Economy,119,301.40392677127403
73,28,Urban,Silver,22,4.57,Afternoon,Economy,53,153.39607111804412
85,62,Suburban,Silver,54,3.78,Morning,Economy,114,339.66230419418656
65,27,Rural,Gold,62,3.54,Night,Premium,162,733.4425366578176
74,42,Urban,Gold,88,3.5,Evening,Economy,77,203.8363809804033
41,7,Rural,Gold,68,4.3,Evening,Premium,66,284.5088586099128
79,23,Urban,Gold,88,3.88,Night,Economy,164,492.11345835908634
53,7,Urban,Silver,64,4.55,Night,Premium,10,86.19117981050438
35,14,Urban,Silver,74,5.0,Night,Premium,175,727.8809447636283
53,40,Rural,Gold,79,3.66,Evening,Premium,30,158.65264164620277
36,23,Urban,Silver,42,4.66,Morning,Economy,14,44.52503661261306
38,25,Urban,Regular,2,4.24,Morning,Premium,128,452.4258268814717
52,36,Rural,Silver,1,4.52,Morning,Premium,36,152.64047921471024
91,64,Suburban,Regular,26,4.56,Morning,Premium,96,420.2245689053783
87,5,Urban,Silver,59,4.32,Night,Economy,42,151.35930066309265
96,20,Suburban,Gold,88,3.6,Evening,Premium,71,242.27196569085137
83,59,Urban,Gold,8,4.85,Morning,Economy,31,119.0485543701777
48,23,Rural,Gold,0,4.46,Afternoon,Economy,174,472.56954081275165
65,19,Suburban,Silver,24,4.59,Evening,Economy,96,334.6493506052282
79,29,Suburban,Silver,0,4.86,Morning,Economy,127,406.08552566041345
100,22,Suburban,Silver,45,4.23,Night,Premium,141,551.365137615676
73,63,Suburban,Silver,25,4.19,Afternoon,Economy,129,534.0181945871103
79,67,Rural,Gold,56,4.01,Evening,Premium,151,501.2363000548165
88,55,Rural,Regular,56,4.0,Night,Premium,26,159.60691863182956
76,34,Suburban,Silver,10,4.92,Morning,Economy,103,359.8010509571677
49,30,Suburban,Silver,80,3.74,Night,Economy,85,348.6695624527248
100,64,Rural,Regular,7,4.89,Night,Premium,115,490.50407597042386
87,26,Rural,Gold,63,4.2,Morning,Premium,118,485.683239513509
22,5,Rural,Silver,93,4.85,Evening,Economy,99,424.9275101964327
21,11,Rural,Silver,23,3.76,Afternoon,Economy,12,40.442890652890384
93,57,Suburban,Regular,34,4.89,Morning,Premium,80,258.424915281181
28,15,Rural,Gold,90,4.25,Night,Premium,177,511.92939099380595
97,7,Urban,Silver,22,3.74,Afternoon,Premium,147,441.74670095471794
48,12,Urban,Silver,51,4.63,Night,Premium,32,175.5180543386476
70,37,Urban,Silver,10,3.65,Night,Premium,168,658.5834276725151
78,12,Rural,Silver,99,4.3,Afternoon,Economy,95,299.2909931126892
25,7,Rural,Regular,24,3.85,Evening,Premium,144,494.8027992189699
24,9,Urban,Gold,6,4.05,Afternoon,Premium,69,223.51901195083735
92,37,Rural,Silver,7,4.92,Morning,Premium,103,434.57105082121734
43,33,Rural,Gold,16,4.01,Morning,Premium,159,630.4284012724294
96,23,Urban,Gold,8,4.23,Morning,Premium,90,445.1254111184949
88,46,Rural,Gold,35,4.89,Afternoon,Premium,72,361.98552095653855
83,43,Suburban,Regular,20,3.59,Morning,Economy,63,267.28219711727195
50,29,Urban,Regular,2,4.81,Morning,Economy,143,518.9547629602604
97,75,Urban,Regular,15,4.94,Afternoon,Economy,163,575.4934491747886
84,24,Suburban,Regular,39,4.08,Afternoon,Economy,86,349.4432162449335
68,40,Suburban,Silver,58,4.64,Morning,Premium,68,279.2349662242834
77,30,Urban,Regular,99,4.7,Evening,Premium,179,689.7483154802385
82,67,Urban,Regular,13,4.43,Afternoon,Economy,33,88.76294359232648
21,8,Suburban,Gold,37,3.71,Evening,Premium,171,621.7963494961118
75,24,Rural,Regular,44,3.79,Night,Premium,72,307.621949405299
61,9,Urban,Gold,74,3.98,Evening,Premium,32,172.41053126646165
90,13,Suburban,Regular,24,3.73,Afternoon,Economy,126,444.2453020895959
100,21,Suburban,Regular,20,3.52,Night,Premium,163,556.8967118375435
93,31,Suburban,Gold,13,3.58,Afternoon,Premium,101,355.3245754797394
92,14,Urban,Silver,57,3.73,Morning,Premium,133,474.99773906008016
61,12,Rural,Gold,59,4.72,Afternoon,Premium,178,581.9712306098094
53,12,Suburban,Gold,79,3.6,Night,Premium,154,663.4393972369916
55,21,Urban,Regular,20,3.56,Night,Premium,134,519.469492374694
57,45,Rural,Gold,78,4.43,Afternoon,Premium,112,397.6919501475396
34,8,Suburban,Silver,51,4.09,Afternoon,Premium,130,388.1122298927073
50,11,Suburban,Silver,19,4.87,Morning,Economy,144,591.1000759572743
35,22,Rural,Silver,82,3.79,Afternoon,Economy,174,586.7988633141081
43,14,Suburban,Regular,1,3.53,Night,Premium,134,648.9097429236178
50,25,Suburban,Silver,19,4.32,Night,Economy,176,746.3391324597457
55,19,Urban,Regular,64,4.34,Morning,Premium,129,555.0976877626003
93,67,Urban,Silver,21,4.88,Night,Premium,87,417.91314129158997
94,69,Urban,Silver,86,4.12,Morning,Premium,18,97.80093621671637
70,60,Urban,Regular,57,4.05,Afternoon,Premium,43,193.08911199878557
36,25,Suburban,Regular,61,3.64,Night,Economy,132,492.4640116460618
37,9,Suburban,Silver,73,4.8,Morning,Economy,124,408.81562882076287
68,46,Urban,Gold,8,4.21,Afternoon,Economy,116,364.16179480772485
77,15,Suburban,Regular,47,4.47,Morning,Economy,66,228.64349787316
27,12,Suburban,Silver,64,4.7,Evening,Economy,149,667.9464280068869
90,56,Suburban,Silver,61,4.38,Night,Premium,91,410.34270896598935
46,23,Suburban,Regular,19,4.92,Afternoon,Economy,169,710.4192641684332
96,80,Urban,Regular,47,3.77,Morning,Economy,70,177.20306582722415
80,6,Rural,Silver,43,4.81,Night,Economy,24,74.32837977574499
80,31,Suburban,Silver,91,4.61,Evening,Premium,127,392.30276005302534
64,25,Suburban,Silver,85,4.46,Afternoon,Premium,37,168.61019430479575
57,42,Rural,Silver,36,3.59,Afternoon,Premium,167,587.2581373063812
52,7,Rural,Silver,57,4.82,Night,Economy,180,563.9803272683639
69,56,Urban,Regular,73,4.02,Night,Premium,116,352.3474982568331
67,54,Suburban,Regular,53,3.67,Morning,Economy,110,415.3075369486595
25,7,Rural,Silver,13,4.07,Afternoon,Premium,60,204.215843297379
80,35,Rural,Regular,29,4.49,Night,Economy,79,319.6520700676685
73,6,Suburban,Silver,5,4.03,Night,Premium,71,362.05333073474793
24,6,Urban,Regular,65,4.29,Afternoon,Premium,106,387.47553780901916
37,14,Rural,Gold,18,4.36,Evening,Economy,85,348.8532987245396
27,6,Rural,Regular,74,4.75,Afternoon,Premium,157,732.2985126943609
23,11,Urban,Regular,11,4.86,Afternoon,Economy,133,343.6721333865543
42,8,Rural,Gold,12,4.79,Morning,Premium,166,599.7162532373392
74,39,Urban,Silver,11,3.65,Morning,Economy,173,484.75453888236336
68,30,Urban,Regular,28,4.69,Night,Premium,134,581.1514565564086
59,9,Suburban,Silver,30,4.83,Afternoon,Economy,140,603.3651642705413
89,75,Rural,Silver,76,4.39,Evening,Economy,110,369.8546414878244
81,35,Suburban,Regular,45,4.11,Night,Economy,174,708.8801421484817
33,8,Suburban,Regular,74,4.52,Morning,Premium,56,205.83755050869485
75,28,Urban,Gold,49,4.46,Night,Economy,163,684.5607033083106
87,48,Suburban,Silver,95,4.73,Morning,Economy,162,453.2541298779704
56,37,Suburban,Silver,96,3.83,Afternoon,Premium,130,412.5848379812361
75,32,Urban,Silver,20,3.69,Evening,Premium,96,440.4442377359072
99,54,Rural,Silver,96,3.77,Afternoon,Premium,61,241.64071137767894
33,16,Rural,Regular,81,4.08,Afternoon,Premium,50,201.29253189374313
41,28,Rural,Gold,89,4.47,Evening,Premium,45,220.05114029296504
55,19,Suburban,Silver,74,3.51,Morning,Economy,173,702.9134159653358
93,51,Rural,Silver,12,4.98,Morning,Premium,90,431.42166025583447
54,35,Urban,Silver,11,4.49,Afternoon,Premium,96,466.8626810645626
34,20,Urban,Gold,21,4.15,Morning,Premium,158,445.1263611668488
86,18,Suburban,Silver,61,4.3,Afternoon,Premium,126,441.6378571357946
85,27,Suburban,Gold,8,4.11,Night,Premium,157,669.5210116683382
74,5,Suburban,Regular,80,3.63,Night,Economy,134,354.3852115042604
63,53,Rural,Gold,33,4.33,Afternoon,Economy,175,489.7125242986789
55,13,Suburban,Silver,45,3.71,Morning,Premium,40,222.56858200356248
100,66,Suburban,Gold,27,3.53,Evening,Premium,106,412.2556067980849
51,27,Urban,Gold,86,3.82,Evening,Premium,152,472.21573527678265
37,10,Urban,Silver,33,4.86,Afternoon,Economy,44,179.93988033973832
99,71,Suburban,Gold,3,4.63,Morning,Premium,100,308.9111533232364
54,24,Rural,Silver,85,3.79,Evening,Economy,102,306.3142432341152
30,7,Rural,Gold,57,4.27,Morning,Premium,69,224.46487829301583
84,56,Urban,Silver,71,4.56,Evening,Premium,15,101.07378646994937
49,14,Suburban,Silver,55,4.43,Morning,Premium,131,633.4966221375331
86,10,Urban,Silver,98,4.8,Morning,Economy,18,62.87509273644356
48,24,Rural,Gold,17,3.98,Afternoon,Economy,29,92.03104706108972
67,18,Urban,Silver,78,3.81,Morning,Premium,22,106.73589264143021
100,16,Rural,Gold,96,3.65,Night,Premium,163,560.6703257140985
79,7,Rural,Silver,31,4.82,Night,Economy,100,322.9000694955284
99,9,Rural,Silver,33,4.98,Afternoon,Economy,110,292.33936093553586
34,24,Urban,Silver,3,4.41,Morning,Economy,97,242.75171700488073
54,21,Urban,Silver,23,4.44,Evening,Premium,136,442.7796305981407
77,43,Suburban,Regular,73,4.07,Afternoon,Premium,131,505.54671645728143
80,21,Urban,Regular,85,4.21,Morning,Premium,146,474.9171617926677
74,54,Urban,Regular,16,4.35,Afternoon,Premium,147,617.434678434942
57,38,Urban,Regular,31,3.97,Morning,Premium,64,294.85536994650215
97,66,Urban,Silver,90,3.6,Evening,Premium,150,717.467322019467
52,14,Suburban,Gold,97,4.83,Evening,Premium,66,266.9772170141728
51,37,Rural,Regular,34,4.64,Afternoon,Economy,100,383.3711770715268
87,52,Urban,Gold,15,3.57,Night,Economy,66,266.4336179135411
91,42,Suburban,Silver,76,4.96,Morning,Economy,86,336.39439243010713
85,34,Rural,Regular,66,4.59,Morning,Premium,163,764.8593556145701
57,21,Rural,Silver,28,4.93,Night,Economy,141,588.6941797749441
28,8,Urban,Regular,67,3.78,Afternoon,Premium,58,305.24266766473113
58,30,Urban,Regular,32,4.14,Night,Economy,75,256.37380365626416
31,9,Rural,Gold,18,4.42,Morning,Premium,114,461.0193485856391
27,11,Suburban,Gold,88,4.5,Evening,Premium,144,581.7472844259253
90,75,Urban,Gold,88,4.1,Afternoon,Economy,106,472.5465909334413
54,8,Suburban,Regular,41,3.89,Morning,Economy,168,573.4835718398938
23,9,Suburban,Silver,50,3.84,Evening,Premium,34,192.38502219616436
94,64,Urban,Regular,62,4.87,Night,Economy,166,744.0359811402852
86,20,Suburban,Silver,51,3.75,Morning,Premium,110,412.25746306035046
79,55,Suburban,Regular,91,4.39,Morning,Economy,48,189.56056497077722
73,13,Urban,Regular,93,3.95,Night,Economy,90,357.0434721850994
74,23,Urban,Regular,45,4.07,Morning,Premium,99,417.1740953777763
26,11,Urban,Gold,10,4.22,Morning,Premium,69,314.84471031916905
99,30,Urban,Regular,74,4.21,Morning,Premium,160,629.9546011362719
80,42,Urban,Gold,85,4.22,Night,Economy,131,473.56175400354476
78,35,Rural,Regular,5,4.35,Evening,Premium,100,317.88095784682014
63,6,Urban,Gold,29,4.79,Evening,Premium,24,132.49921949173307
25,8,Rural,Regular,30,4.44,Night,Economy,115,430.78585097815426
100,50,Urban,Regular,20,4.14,Evening,Economy,127,350.2265835541767
46,8,Urban,Silver,32,4.81,Afternoon,Economy,112,466.42747932165264
59,29,Urban,Regular,90,4.3,Night,Economy,145,651.7303890276737
21,11,Rural,Gold,18,4.2,Morning,Premium,49,266.34807324582846
64,7,Rural,Silver,48,4.67,Evening,Economy,64,266.38537677090085
52,22,Suburban,Gold,72,3.6,Morning,Premium,101,303.803226426852
100,56,Suburban,Silver,67,4.2,Evening,Economy,169,461.9661913503604
83,72,Rural,Regular,25,4.62,Night,Premium,45,201.0575405594342
89,10,Rural,Silver,36,4.12,Afternoon,Premium,13,94.21444738997974
100,37,Rural,Silver,47,4.7,Afternoon,Economy,142,546.8574476673242
71,7,Urban,Gold,31,4.83,Morning,Premium,60,292.74683013160404
94,26,Suburban,Regular,0,3.94,Afternoon,Premium,40,150.90603765991335
52,23,Urban,Regular,41,4.23,Evening,Economy,134,534.90663340905
27,15,Urban,Silver,31,4.95,Afternoon,Economy,103,315.2654030422818
88,62,Urban,Regular,62,4.82,Afternoon,Economy,162,601.2360266422271
48,38,Suburban,Silver,64,4.97,Night,Premium,152,701.4695729515377
53,35,Suburban,Regular,1,3.67,Morning,Premium,88,392.0078846224547
31,12,Suburban,Gold,34,4.7,Night,Economy,105,331.8375249153692
56,34,Suburban,Silver,1,4.56,Afternoon,Economy,121,307.5259290756184
48,35,Rural,Gold,47,4.26,Morning,Economy,26,68.27174499943663
93,66,Suburban,Silver,22,3.91,Night,Economy,180,765.4397485645513
49,18,Rural,Silver,62,4.92,Afternoon,Economy,62,168.36628924698923
72,33,Rural,Gold,63,4.25,Evening,Economy,132,351.77361896852636
62,11,Suburban,Gold,37,4.23,Morning,Premium,71,363.3457529659053
39,15,Suburban,Regular,53,4.6,Evening,Premium,38,201.71467628332167
67,56,Urban,Gold,49,4.22,Afternoon,Premium,23,121.43999901863725
88,15,Urban,Regular,39,4.51,Afternoon,Economy,137,598.7750233051204
29,16,Urban,Silver,75,4.11,Morning,Premium,80,371.1242881043308
100,24,Urban,Silver,88,4.49,Night,Economy,56,173.66696747925593
98,43,Suburban,Gold,62,4.98,Morning,Economy,130,538.5185280064754
35,10,Rural,Gold,40,3.54,Night,Economy,75,281.9625670059949
58,14,Rural,Gold,10,3.77,Morning,Economy,95,258.01445968829404
22,7,Urban,Gold,53,4.43,Morning,Premium,98,476.20199615360343
84,37,Suburban,Regular,94,3.83,Night,Economy,28,124.64550323605347
91,14,Suburban,Silver,19,4.78,Night,Premium,19,111.11271494112725
56,29,Urban,Gold,67,4.49,Afternoon,Economy,125,421.8171879075184
97,21,Rural,Regular,36,3.72,Evening,Premium,23,134.0510144913575
57,47,Urban,Gold,26,3.8,Morning,Economy,30,132.4032477391118
94,27,Suburban,Silver,100,3.6,Night,Premium,172,547.9814624298182
84,6,Suburban,Gold,24,3.74,Morning,Economy,68,281.96824577029594
40,11,Rural,Silver,1,4.24,Night,Premium,35,182.46632143825187
65,36,Suburban,Silver,20,4.39,Night,Premium,87,313.7742265682814
35,22,Urban,Silver,28,4.88,Afternoon,Premium,116,422.8866610257602
40,30,Urban,Regular,67,4.03,Evening,Premium,143,529.6967147126813
61,45,Urban,Silver,6,4.99,Evening,Economy,10,25.993449448411635
50,14,Urban,Gold,98,3.52,Night,Premium,109,351.5699575243088
98,25,Suburban,Silver,30,4.76,Afternoon,Economy,60,154.68715967826247
54,37,Suburban,Regular,41,4.69,Afternoon,Premium,16,106.59208227583191
37,13,Rural,Regular,31,4.66,Afternoon,Economy,35,132.1665679180113
78,41,Urban,Silver,12,4.99,Afternoon,Economy,22,76.224961221763
84,21,Rural,Gold,88,3.5,Afternoon,Economy,146,598.9400399823005
44,32,Suburban,Silver,51,4.2,Afternoon,Premium,168,563.1508995670627
25,11,Urban,Silver,92,3.91,Night,Economy,115,310.1546162756803
38,13,Urban,Gold,38,4.46,Evening,Premium,28,145.13756861567325
85,25,Urban,Silver,21,4.03,Morning,Economy,73,323.5576857599395
31,13,Suburban,Gold,87,4.04,Evening,Economy,11,31.565676162125193
67,6,Rural,Regular,25,4.45,Evening,Premium,31,144.46263762346956
77,11,Rural,Silver,70,3.82,Night,Premium,63,252.49304710208094
32,11,Suburban,Silver,30,3.53,Afternoon,Premium,32,146.51277441611944
71,30,Rural,Regular,60,4.83,Evening,Premium,156,501.801349985356
65,38,Urban,Regular,13,4.77,Morning,Premium,132,610.7325514755008
64,29,Urban,Silver,66,3.79,Night,Premium,37,194.26239936468434
48,38,Urban,Silver,45,4.17,Afternoon,Economy,87,318.2101259853132
76,42,Rural,Gold,95,3.93,Morning,Economy,180,512.6251102173163
76,53,Urban,Regular,77,3.67,Afternoon,Premium,179,555.8919187631545
71,14,Suburban,Silver,8,4.44,Night,Economy,76,242.15886076969633
76,9,Urban,Silver,64,4.16,Evening,Economy,10,41.40499127744981
51,14,Rural,Gold,16,3.51,Night,Premium,30,180.88655372559683
88,38,Rural,Gold,29,3.73,Evening,Premium,167,537.8971058809161
60,24,Rural,Gold,5,3.79,Afternoon,Premium,154,556.6629286327259
73,55,Rural,Regular,55,4.2,Afternoon,Economy,52,158.5563431447304
23,10,Urban,Silver,80,3.88,Afternoon,Economy,22,59.4454065021933
74,27,Suburban,Silver,51,3.75,Morning,Premium,111,334.1449975015087
49,6,Suburban,Gold,18,4.41,Night,Premium,148,443.7750198288772
31,8,Rural,Gold,7,3.57,Night,Economy,35,145.24203735141535
57,46,Rural,Regular,42,4.39,Morning,Economy,56,210.6317666138125
64,19,Suburban,Regular,35,4.02,Afternoon,Economy,39,152.22919256822726
86,76,Suburban,Regular,84,4.99,Night,Economy,149,612.446726848697
54,28,Suburban,Regular,73,3.56,Morning,Premium,51,250.28588237277452
85,37,Rural,Gold,10,3.76,Night,Premium,61,309.08254473187293
58,15,Rural,Regular,14,4.76,Night,Premium,12,94.1609176991503
96,27,Rural,Gold,21,4.37,Night,Premium,57,243.93730652889337
58,31,Suburban,Silver,32,4.87,Evening,Premium,85,331.19305388667465
77,45,Suburban,Silver,88,4.16,Morning,Economy,151,595.2312211886215
93,73,Rural,Regular,78,3.81,Night,Premium,106,465.962681649944
44,11,Rural,Regular,56,3.83,Afternoon,Premium,18,104.75201005936663
20,10,Rural,Regular,54,4.12,Morning,Premium,168,784.0551260339382
70,40,Suburban,Regular,9,3.77,Evening,Economy,130,382.9299378688001
42,12,Rural,Gold,92,4.5,Afternoon,Economy,123,319.2967130915861
87,33,Rural,Regular,53,4.15,Evening,Economy,143,640.1373391067773
70,43,Suburban,Gold,47,4.31,Morning,Economy,57,243.49338538510452
61,15,Urban,Gold,29,4.49,Afternoon,Economy,32,135.005874109167
71,36,Suburban,Silver,69,4.37,Morning,Economy,110,392.9639432866157
81,33,Suburban,Regular,41,4.93,Afternoon,Premium,162,617.2885000560723
87,64,Rural,Silver,69,4.55,Evening,Premium,65,310.7883994951958
85,65,Suburban,Regular,73,4.65,Afternoon,Premium,165,770.0708908209459
91,65,Urban,Regular,40,3.58,Evening,Economy,141,373.50470759834695
83,57,Rural,Silver,80,4.6,Night,Premium,172,814.4195559447121
64,10,Suburban,Gold,75,3.61,Morning,Premium,155,473.34669329802574
69,22,Rural,Silver,25,4.41,Night,Premium,74,266.76777889406367
37,12,Rural,Silver,15,3.73,Evening,Economy,142,369.36165888010754
93,28,Urban,Silver,63,3.9,Evening,Economy,38,111.72394123957052
66,49,Rural,Gold,42,4.56,Afternoon,Economy,124,429.94835612457183
47,36,Rural,Silver,100,4.2,Morning,Economy,103,414.77830030238334
71,30,Rural,Regular,45,4.16,Evening,Premium,53,227.1825700126456
58,19,Urban,Silver,47,3.97,Evening,Economy,77,247.44200182010414
100,18,Suburban,Silver,50,4.89,Morning,Premium,51,213.8232968736634
94,28,Urban,Regular,59,4.45,Night,Economy,173,652.5878909594384
49,6,Rural,Silver,23,4.65,Night,Premium,69,289.6463054085282
42,7,Rural,Gold,90,3.67,Evening,Economy,32,123.76246932604701
79,63,Urban,Gold,56,4.66,Evening,Premium,70,292.5906288976858
59,5,Rural,Gold,17,4.97,Evening,Premium,143,440.93951077757487
54,7,Urban,Regular,91,3.75,Night,Economy,97,298.3226183929867
60,6,Rural,Silver,65,4.76,Morning,Economy,168,629.2044295696749
26,13,Suburban,Silver,4,3.63,Night,Premium,123,441.99619244539696
90,10,Rural,Silver,59,4.44,Morning,Premium,147,691.5012905566776
34,12,Suburban,Silver,38,4.18,Afternoon,Economy,24,106.94859059241989
80,34,Suburban,Silver,84,3.8,Night,Economy,174,561.4385219871201
21,7,Rural,Regular,58,4.31,Morning,Premium,75,328.45835687553256
97,71,Suburban,Silver,52,4.32,Evening,Economy,36,133.38738314122594
64,7,Suburban,Regular,92,4.58,Evening,Premium,16,114.69920213131519
47,34,Rural,Gold,16,4.38,Evening,Premium,46,237.14338896943258
44,28,Rural,Gold,30,3.93,Evening,Premium,42,157.10657171647188
21,9,Suburban,Gold,13,4.01,Evening,Economy,127,431.251597706785
57,37,Urban,Gold,59,3.92,Evening,Economy,159,585.8075881778408
62,5,Rural,Silver,51,4.4,Afternoon,Economy,160,647.204374917644
25,6,Urban,Gold,60,3.91,Evening,Premium,145,559.578839787104
92,33,Suburban,Silver,70,3.69,Evening,Premium,46,173.1505322724627
38,7,Rural,Gold,46,3.79,Night,Economy,78,198.17046750812375
99,31,Urban,Silver,0,3.54,Morning,Economy,50,192.7088692483722
35,7,Rural,Regular,65,4.19,Night,Economy,65,165.0758241756551
30,13,Urban,Gold,53,3.68,Night,Premium,124,379.4680328899806
28,6,Urban,Gold,53,4.48,Night,Premium,148,461.10955384851616
59,47,Rural,Silver,73,3.54,Night,Economy,75,234.5672445982206
24,13,Urban,Silver,50,4.26,Night,Premium,141,540.0620306756346
21,6,Suburban,Regular,15,3.81,Evening,Premium,80,318.84150331304255
84,54,Suburban,Silver,59,4.98,Afternoon,Premium,43,196.31514152174805
100,50,Urban,Silver,83,4.91,Morning,Premium,173,622.4914304114809
30,11,Urban,Silver,99,4.96,Evening,Economy,83,349.6745279402746
45,35,Rural,Regular,0,4.58,Afternoon,Premium,41,206.1473318707726
53,35,Urban,Gold,35,3.92,Afternoon,Premium,166,635.9330544824535
65,41,Rural,Gold,51,3.57,Night,Premium,48,251.1121418065252
93,6,Rural,Silver,85,4.47,Night,Economy,107,324.098767437868
28,5,Rural,Regular,69,4.49,Morning,Premium,132,425.4887347951667
38,8,Urban,Silver,78,3.57,Night,Economy,114,470.2690237026412
25,6,Urban,Regular,69,4.45,Evening,Premium,94,398.051725971793
76,23,Rural,Regular,64,3.57,Night,Premium,115,564.9317250247195
22,7,Suburban,Gold,73,4.91,Morning,Premium,73,238.31899146487595
40,5,Rural,Silver,17,4.55,Afternoon,Economy,72,184.95522562926732
89,16,Suburban,Regular,27,4.86,Afternoon,Economy,161,624.305615960136
31,21,Suburban,Silver,77,4.83,Afternoon,Economy,107,389.3845083155804
92,45,Rural,Silver,59,4.23,Morning,Premium,121,574.8939389332888
58,32,Urban,Gold,92,4.59,Afternoon,Premium,111,517.9444619823878
58,20,Rural,Silver,42,3.51,Evening,Economy,125,527.1792011771714
36,7,Suburban,Regular,26,4.35,Morning,Economy,59,201.49683080394217
66,40,Rural,Regular,93,4.86,Evening,Economy,153,627.0167510146084
76,54,Urban,Regular,58,4.05,Evening,Economy,74,218.6251778894482
55,23,Urban,Gold,46,4.58,Afternoon,Premium,150,654.676536309137
21,8,Urban,Regular,57,4.78,Night,Premium,84,293.5602166445157
61,45,Rural,Gold,42,4.25,Afternoon,Economy,102,421.98526198279467
72,62,Suburban,Regular,48,3.82,Evening,Economy,126,553.7408048680613
65,18,Rural,Gold,65,4.01,Morning,Economy,111,330.62430999065225
20,8,Rural,Silver,27,4.99,Morning,Economy,83,261.4451502998812
22,7,Suburban,Silver,16,4.1,Night,Economy,147,520.0637873298249
72,49,Suburban,Gold,15,4.34,Night,Premium,19,117.63327810103034
42,30,Urban,Regular,26,4.79,Afternoon,Economy,138,493.0149508584995
100,54,Suburban,Regular,91,4.59,Night,Premium,61,203.11329573964892
87,32,Suburban,Silver,38,4.76,Afternoon,Economy,114,421.7762985074602
36,8,Urban,Gold,47,4.07,Afternoon,Economy,77,305.00888586073415
70,38,Urban,Silver,99,4.19,Morning,Economy,76,317.77188818101894
41,7,Urban,Gold,4,4.15,Night,Economy,83,364.9140560714328
59,40,Rural,Gold,64,4.72,Night,Economy,157,398.3194964103068
33,14,Urban,Regular,38,4.89,Morning,Economy,127,461.30601206640824
70,26,Urban,Silver,15,3.67,Night,Premium,70,358.2348071386952
45,7,Rural,Regular,87,4.35,Evening,Economy,74,224.30710676256516
98,71,Suburban,Regular,83,4.55,Morning,Economy,139,558.3815496134125
75,63,Urban,Gold,42,4.55,Evening,Premium,138,660.4425622593634
100,34,Rural,Gold,33,4.75,Night,Economy,156,537.4486716625657
76,23,Urban,Silver,53,3.94,Evening,Economy,117,480.104370355134
32,12,Urban,Silver,69,3.68,Morning,Economy,55,162.28310451017555
35,23,Suburban,Gold,58,3.78,Afternoon,Economy,164,638.0445145215127
30,16,Suburban,Gold,89,3.63,Afternoon,Economy,142,420.1110979571745
75,56,Urban,Regular,66,3.69,Evening,Premium,22,124.49060049402551
25,6,Rural,Regular,23,3.95,Morning,Premium,55,235.27811761739352
88,16,Suburban,Gold,26,4.18,Morning,Economy,32,127.33149010162907
43,26,Rural,Silver,69,4.9,Evening,Economy,107,391.0269903920518
39,20,Rural,Silver,97,4.25,Morning,Economy,121,319.54301971048153
77,63,Suburban,Gold,72,4.56,Morning,Economy,113,380.28537076152844
41,14,Suburban,Silver,59,4.72,Morning,Premium,49,179.62342246641472
51,20,Rural,Silver,97,4.8,Morning,Economy,130,452.112640122952
30,10,Suburban,Gold,86,4.95,Evening,Economy,149,565.6691466337952
29,8,Urban,Gold,52,4.68,Afternoon,Premium,121,402.15587758232147
21,5,Rural,Gold,8,4.44,Afternoon,Premium,159,689.8421599513094
50,15,Suburban,Regular,62,4.51,Night,Economy,83,307.64692809302676
61,42,Rural,Gold,11,3.72,Night,Economy,52,186.5262770863605
67,5,Suburban,Silver,81,4.53,Morning,Premium,14,91.06777716361007
73,22,Suburban,Regular,26,4.99,Night,Economy,33,143.8549860520897
35,18,Urban,Gold,27,3.82,Morning,Economy,158,553.837359075948
96,58,Urban,Silver,25,3.61,Morning,Economy,85,336.56848365859423
38,28,Urban,Gold,8,4.83,Morning,Economy,29,95.02020685904614
75,28,Urban,Gold,6,4.02,Evening,Premium,171,575.0117219060105
57,26,Suburban,Silver,92,4.11,Afternoon,Premium,58,264.675747588135
36,10,Rural,Gold,65,3.54,Night,Economy,53,185.61792391524813
73,27,Rural,Gold,98,3.97,Evening,Economy,57,251.1556502722435
68,29,Rural,Gold,51,3.99,Evening,Economy,110,299.689056274687
25,9,Rural,Gold,11,3.58,Night,Economy,31,92.65681121424487
97,25,Urban,Regular,95,4.91,Night,Premium,101,332.2293764400841
30,7,Rural,Regular,85,3.74,Evening,Economy,44,184.11208970364285
83,7,Suburban,Gold,24,4.9,Morning,Premium,24,124.58177445441441
27,5,Rural,Gold,2,4.3,Evening,Economy,22,60.98181721983856
58,21,Suburban,Gold,72,4.14,Afternoon,Economy,10,35.88598786056829
32,15,Urban,Gold,67,3.76,Evening,Premium,23,132.12301879164062
76,8,Urban,Gold,40,4.68,Afternoon,Economy,157,561.5796822292014
21,9,Suburban,Regular,38,4.54,Morning,Economy,179,546.3787898746884
47,37,Urban,Gold,53,4.69,Night,Economy,41,147.4597413359118
33,20,Suburban,Regular,97,4.13,Morning,Premium,169,668.8922140357987
92,66,Rural,Silver,26,3.56,Evening,Economy,19,62.06928479024478
24,7,Rural,Silver,34,3.51,Afternoon,Premium,111,477.7411361723483
75,9,Rural,Gold,71,4.06,Night,Economy,150,411.00576542458884
89,76,Urban,Gold,35,4.8,Night,Premium,177,650.2985711974341
67,20,Urban,Regular,42,4.13,Evening,Economy,68,243.22861759627588
61,23,Suburban,Silver,51,4.73,Evening,Premium,150,680.9330686248741
80,67,Rural,Regular,80,4.74,Night,Economy,147,432.30725774113824
66,15,Suburban,Gold,62,4.59,Night,Economy,161,720.729944900258
39,12,Suburban,Regular,54,3.77,Morning,Premium,176,510.4543750320455
46,22,Urban,Regular,9,4.33,Morning,Economy,128,522.7974318549136
89,74,Rural,Silver,41,4.89,Morning,Premium,115,432.16279228896633
60,16,Urban,Gold,56,4.33,Night,Premium,126,382.4570671338528
58,13,Rural,Regular,99,3.62,Morning,Premium,106,351.43931589566165
68,16,Urban,Silver,93,4.44,Morning,Premium,154,510.19578633034166
45,19,Suburban,Silver,71,3.72,Night,Economy,121,313.92644056486665
91,61,Suburban,Gold,100,4.88,Night,Economy,101,372.22982195105925
39,12,Urban,Regular,70,4.02,Morning,Premium,66,314.46800852423786
97,9,Rural,Gold,58,4.32,Evening,Premium,142,491.5779538643877
42,18,Suburban,Silver,39,3.94,Afternoon,Economy,128,527.1558943563921
27,15,Urban,Gold,11,3.77,Evening,Economy,111,432.849396942834
67,48,Rural,Regular,94,4.3,Evening,Premium,168,544.6027807887253
69,51,Urban,Regular,75,3.57,Night,Premium,136,470.18271352951473
69,47,Urban,Regular,65,4.22,Night,Economy,18,53.5391040086766
93,18,Suburban,Gold,34,3.54,Afternoon,Economy,80,352.0685727015968
84,74,Suburban,Regular,7,4.4,Afternoon,Premium,101,396.3698341114785
96,48,Urban,Gold,41,4.39,Morning,Economy,130,367.7829980600229
30,13,Suburban,Gold,72,4.18,Night,Premium,113,352.9356730761453
60,48,Suburban,Regular,15,4.06,Morning,Economy,78,339.1055825696459
72,39,Urban,Regular,39,3.77,Night,Premium,115,347.8959667426787
31,13,Suburban,Regular,82,4.63,Morning,Economy,108,469.25091359186484
71,13,Rural,Silver,60,4.3,Night,Premium,62,213.84302012030327
91,61,Rural,Silver,86,4.44,Morning,Premium,129,567.5392184514062
91,60,Rural,Gold,2,3.53,Evening,Premium,107,492.17901322228107
32,6,Urban,Silver,13,4.75,Afternoon,Economy,53,173.88747446193491
23,10,Suburban,Gold,47,4.84,Evening,Economy,125,418.10682439062094
61,47,Suburban,Silver,100,4.58,Night,Premium,157,658.3040013013618
57,40,Urban,Regular,78,3.62,Afternoon,Economy,171,764.5953413909641
89,70,Suburban,Gold,86,4.51,Afternoon,Economy,90,384.20929197567284
64,45,Rural,Gold,22,3.96,Night,Premium,118,404.6018875393623
91,29,Urban,Regular,82,3.73,Afternoon,Premium,90,446.81702579708536
91,53,Suburban,Gold,67,4.56,Night,Economy,50,158.1067231747087
69,37,Suburban,Regular,47,4.39,Evening,Premium,60,284.2362895344896
71,61,Suburban,Regular,79,3.85,Afternoon,Economy,147,591.2989763287625
38,7,Rural,Silver,28,3.85,Evening,Economy,12,36.00027803358747
100,32,Suburban,Regular,67,3.94,Evening,Premium,162,581.1370845965885
65,51,Suburban,Gold,97,4.81,Night,Premium,144,588.1367698544636
73,38,Urban,Regular,91,4.23,Evening,Premium,86,400.2673330229722
56,25,Suburban,Regular,87,3.73,Evening,Premium,172,575.4102708388258
75,55,Rural,Silver,80,4.7,Morning,Economy,69,190.9788526811355
97,21,Urban,Regular,43,3.79,Afternoon,Premium,106,398.1593839328215
94,71,Rural,Regular,48,4.73,Night,Premium,169,770.8733244527833
53,22,Urban,Silver,28,4.99,Afternoon,Premium,64,211.0820229741896
81,8,Rural,Silver,78,4.8,Afternoon,Premium,141,618.4288567281086
47,34,Rural,Silver,87,3.53,Morning,Premium,170,739.2271199769044
80,48,Suburban,Regular,13,4.44,Night,Economy,35,128.7410738814351
75,55,Rural,Gold,54,4.73,Night,Premium,145,584.4917299915722
89,12,Urban,Silver,42,4.73,Afternoon,Economy,102,328.31398217312767
30,13,Rural,Gold,8,4.1,Afternoon,Economy,94,274.68037544392655
64,5,Rural,Gold,91,4.34,Evening,Premium,21,108.24304354274079
55,29,Suburban,Gold,92,4.85,Morning,Economy,44,181.78093960037765
94,76,Suburban,Gold,26,4.7,Morning,Premium,94,405.317954516569
53,28,Urban,Gold,6,3.67,Evening,Economy,178,775.7916851510323
29,7,Suburban,Regular,68,3.98,Morning,Economy,114,289.1296809487768
29,17,Urban,Silver,76,3.61,Morning,Economy,166,674.132847635612
75,42,Suburban,Silver,38,4.25,Afternoon,Economy,146,479.11995337350106
74,53,Suburban,Regular,60,3.93,Night,Economy,162,676.4404324115253
89,75,Urban,Silver,10,4.91,Evening,Economy,16,54.449538186289914
29,13,Suburban,Gold,44,4.29,Evening,Premium,87,267.7404170012178
40,20,Rural,Silver,45,4.42,Evening,Premium,130,445.4842486108808
79,11,Urban,Regular,1,4.35,Night,Premium,45,210.25675967194184
98,87,Urban,Gold,87,4.28,Afternoon,Premium,170,603.8458024755097
95,76,Urban,Regular,74,4.39,Night,Economy,118,464.9915827255092
79,13,Rural,Gold,67,4.05,Evening,Premium,151,514.9363491532515
38,22,Suburban,Regular,18,4.17,Night,Premium,121,450.5387531372676
83,41,Suburban,Silver,48,3.64,Evening,Economy,176,741.3443926126964
59,24,Suburban,Regular,40,4.0,Afternoon,Premium,147,631.6312970255759
51,11,Suburban,Regular,72,3.62,Afternoon,Economy,16,71.21364105240121
64,46,Rural,Silver,51,5.0,Evening,Premium,29,144.60138253530263
30,6,Rural,Regular,93,3.81,Evening,Economy,129,505.92196882791006
60,15,Suburban,Regular,95,4.84,Afternoon,Economy,180,726.3339146351499
75,51,Rural,Regular,17,4.83,Afternoon,Premium,79,283.41327875852477
25,15,Suburban,Regular,88,4.68,Afternoon,Premium,31,148.18648820169864
46,31,Suburban,Gold,67,3.53,Morning,Economy,61,158.59209307103367
48,11,Urban,Regular,86,3.55,Night,Economy,15,57.89462608061131
51,6,Rural,Gold,64,4.57,Morning,Economy,34,142.5577269374603
68,23,Suburban,Gold,96,4.77,Morning,Economy,105,359.128113102171
89,8,Suburban,Silver,18,3.83,Morning,Economy,121,407.5520587692045
84,55,Suburban,Regular,1,4.47,Afternoon,Economy,146,487.3991192361553
50,8,Rural,Regular,25,3.8,Evening,Premium,13,89.61312852216915
99,40,Urban,Gold,26,4.83,Evening,Premium,151,510.65807823975956
21,9,Urban,Gold,91,4.82,Morning,Economy,47,171.6271185714875
53,19,Suburban,Silver,54,3.84,Evening,Economy,132,520.5653406452625
60,16,Urban,Gold,68,4.23,Night,Economy,108,458.09632680451597
32,22,Suburban,Silver,9,4.68,Night,Premium,135,530.1491563778454
51,25,Rural,Regular,21,4.43,Evening,Premium,38,200.2582591219043
22,5,Urban,Regular,75,4.39,Night,Premium,19,128.0167601925525
21,7,Rural,Regular,6,4.96,Afternoon,Premium,180,836.1164185613576
55,21,Rural,Silver,49,4.59,Morning,Economy,111,471.08905188849826
42,31,Rural,Gold,32,4.75,Night,Economy,12,50.6401755820817
86,26,Rural,Silver,31,3.69,Afternoon,Economy,85,263.1611767019543
48,18,Rural,Silver,60,4.47,Afternoon,Premium,124,524.1655595085831
82,65,Urban,Gold,43,4.8,Night,Premium,112,330.2265438250878
63,48,Rural,Regular,88,4.09,Morning,Economy,70,212.74075193712682
44,24,Urban,Regular,83,3.61,Night,Economy,13,48.928952535474146
39,18,Suburban,Gold,78,4.21,Afternoon,Economy,165,734.3951190125542
23,7,Rural,Gold,98,4.35,Morning,Economy,76,281.33950234360725
31,7,Rural,Silver,27,4.73,Morning,Premium,141,476.28985780068655
44,7,Rural,Regular,55,3.66,Night,Premium,103,490.34215832141894
23,5,Urban,Gold,92,3.71,Night,Economy,105,363.44477590272385
63,46,Urban,Silver,36,4.59,Morning,Economy,18,49.83993575677632
25,15,Urban,Gold,15,4.18,Morning,Premium,176,516.8295590439432
27,11,Rural,Regular,1,4.34,Night,Economy,99,262.6864663772181
57,28,Urban,Gold,27,4.58,Afternoon,Economy,107,423.5098573724167
83,26,Suburban,Gold,77,3.62,Night,Premium,74,373.97563575919594
80,5,Suburban,Regular,53,3.67,Evening,Premium,48,184.24294467848267
50,40,Rural,Silver,61,4.7,Evening,Premium,73,319.11098294212263
84,8,Rural,Gold,21,4.63,Night,Economy,172,549.2008068168793
90,54,Rural,Regular,1,3.59,Afternoon,Premium,87,427.8571629452071
28,9,Urban,Silver,68,4.82,Evening,Premium,43,164.316390505398
97,64,Rural,Silver,62,3.52,Morning,Premium,152,638.1340201838489
99,22,Suburban,Silver,7,4.4,Morning,Economy,39,131.44358716419623
96,53,Rural,Regular,58,4.28,Afternoon,Economy,21,55.6373707994896
88,69,Rural,Gold,89,3.6,Evening,Premium,107,467.92749485577286
53,17,Rural,Silver,78,4.03,Afternoon,Premium,26,120.24719290813758
28,14,Rural,Silver,77,3.58,Afternoon,Economy,98,374.65518279544045
59,21,Rural,Regular,97,3.6,Afternoon,Premium,67,269.44414015954374
50,27,Suburban,Gold,100,4.22,Morning,Premium,173,685.6696935694298
89,8,Urban,Gold,40,3.59,Morning,Premium,151,528.0024896243917
83,34,Urban,Silver,96,4.71,Evening,Premium,176,812.0729938599545
73,14,Urban,Gold,28,4.31,Evening,Economy,29,118.97305838669006
76,35,Suburban,Regular,8,4.89,Afternoon,Premium,138,406.5899107855241
56,35,Rural,Silver,33,3.97,Morning,Economy,47,134.77582951421903
40,20,Rural,Regular,11,4.4,Afternoon,Economy,83,343.79851998722387
27,6,Urban,Silver,92,3.73,Night,Premium,125,460.28376247761025
32,7,Urban,Regular,79,4.05,Morning,Economy,83,306.390461217286
48,24,Urban,Silver,35,4.2,Night,Premium,51,251.42113940871516
71,41,Urban,Gold,31,3.81,Afternoon,Premium,140,614.63671317069
53,6,Rural,Silver,74,4.12,Night,Economy,76,231.1651667910225
87,44,Rural,Silver,61,3.87,Evening,Premium,16,117.76366453355409
36,16,Urban,Regular,82,4.62,Afternoon,Premium,72,253.4912438007839
39,20,Rural,Gold,71,4.11,Morning,Economy,111,404.59839918890424
91,81,Rural,Gold,15,4.68,Evening,Premium,20,135.1772701347079
31,18,Urban,Regular,46,4.86,Night,Economy,128,360.8585507409454
94,67,Suburban,Silver,34,4.64,Night,Premium,64,231.32631847732358
83,18,Urban,Gold,12,4.98,Morning,Economy,81,286.40929438543196
34,9,Urban,Silver,65,4.69,Afternoon,Premium,107,508.7118174567975
32,6,Rural,Gold,75,4.47,Morning,Premium,154,721.7212691270341
22,7,Urban,Gold,15,3.53,Evening,Premium,180,552.2693747461685
49,20,Rural,Silver,52,4.74,Afternoon,Premium,162,510.62689141008207
61,38,Urban,Silver,95,3.5,Night,Economy,164,415.9794524398186
21,9,Urban,Gold,48,4.4,Afternoon,Premium,152,660.0597080304599
40,18,Urban,Silver,16,4.59,Afternoon,Premium,157,644.0445755475266
22,6,Urban,Silver,82,4.3,Morning,Premium,172,710.884313751738
34,11,Suburban,Gold,66,4.59,Morning,Economy,134,478.20015364109577
56,31,Rural,Silver,9,4.79,Afternoon,Premium,167,744.4180991800615
93,36,Urban,Gold,60,4.63,Afternoon,Economy,111,478.7697584495512
38,9,Suburban,Gold,57,4.26,Morning,Premium,16,104.0560727191975
76,26,Suburban,Silver,74,4.18,Evening,Premium,159,486.18392763702786
47,24,Suburban,Silver,11,3.62,Night,Premium,148,657.0936874279021
64,10,Urban,Silver,62,4.98,Evening,Economy,38,96.3007413779792
56,10,Rural,Gold,28,3.8,Afternoon,Economy,144,609.9082747031204
44,25,Rural,Silver,32,4.43,Night,Premium,154,502.1012063441772
34,6,Rural,Regular,11,3.75,Morning,Economy,179,465.719058488387
45,18,Suburban,Silver,70,3.84,Night,Economy,122,308.43591786214927
31,7,Rural,Regular,22,4.88,Afternoon,Premium,172,806.0212701919081
95,28,Rural,Regular,34,4.48,Evening,Economy,163,576.9675719994219
82,59,Rural,Regular,39,3.5,Night,Premium,67,284.2944207006542
95,38,Urban,Silver,39,3.71,Afternoon,Premium,97,478.3662772118347
27,12,Suburban,Silver,1,4.93,Evening,Economy,41,119.4823999754907
94,23,Suburban,Regular,71,4.15,Night,Premium,154,532.5097779421501
66,15,Urban,Silver,88,4.21,Evening,Premium,65,291.9008795114952
40,6,Rural,Gold,37,4.75,Afternoon,Premium,148,707.8553931548287
56,27,Suburban,Silver,62,4.74,Evening,Premium,129,435.71545381085645
54,6,Suburban,Gold,48,4.26,Morning,Economy,154,504.0841142440527
46,15,Suburban,Silver,96,4.69,Morning,Premium,116,497.3770093020007
65,16,Suburban,Silver,82,3.62,Evening,Premium,146,460.8002858653508
96,48,Urban,Gold,11,4.19,Night,Economy,79,272.4960775620536
47,9,Suburban,Gold,88,4.06,Night,Economy,93,246.9535423209308
20,7,Urban,Silver,55,4.43,Night,Economy,153,482.74220750160924
94,57,Suburban,Regular,13,4.04,Afternoon,Economy,60,205.49575958337198
52,30,Suburban,Silver,25,3.67,Night,Economy,142,531.6062153403296
71,6,Suburban,Gold,48,4.05,Afternoon,Economy,157,550.9983736824666
46,8,Rural,Gold,39,3.97,Evening,Premium,123,396.9586997774456
53,40,Urban,Regular,13,3.79,Night,Economy,118,318.2115758092651
26,11,Urban,Regular,97,3.64,Morning,Economy,141,427.05506120680275
100,46,Suburban,Gold,74,3.74,Afternoon,Economy,171,448.31285347772814
74,38,Urban,Regular,95,5.0,Evening,Economy,167,455.4083398759809
53,5,Rural,Gold,100,4.46,Night,Premium,33,179.17081970350634
75,63,Urban,Gold,24,4.18,Afternoon,Economy,29,104.18588264010207
44,9,Suburban,Regular,54,4.2,Morning,Premium,13,91.67748868757226
76,60,Suburban,Regular,81,3.6,Evening,Premium,72,264.08573637935564
88,18,Suburban,Silver,80,4.83,Evening,Economy,109,424.65693227127065
54,35,Rural,Gold,95,4.98,Evening,Premium,61,218.9504185416184
49,30,Urban,Regular,7,3.97,Afternoon,Premium,77,248.17033364227854
25,8,Urban,Silver,11,4.0,Afternoon,Economy,109,422.4367392307234
36,18,Suburban,Gold,15,4.21,Afternoon,Economy,86,280.5240756909656
42,25,Suburban,Silver,44,4.99,Morning,Premium,122,565.9834811108678
29,14,Rural,Gold,2,4.69,Night,Premium,180,828.2131345744126
52,16,Urban,Silver,63,4.13,Morning,Economy,49,132.84680584297232
37,6,Rural,Gold,59,4.73,Evening,Economy,20,86.17345483820148
91,17,Rural,Gold,21,4.84,Afternoon,Premium,149,545.3868063047398
29,8,Rural,Silver,79,4.26,Morning,Premium,133,531.0619846358322
62,45,Rural,Regular,87,4.74,Afternoon,Premium,20,108.6023564641184
69,7,Urban,Regular,51,4.56,Afternoon,Premium,103,462.66304412150464
32,14,Suburban,Silver,80,3.56,Afternoon,Premium,80,254.9510771161675
78,31,Urban,Gold,6,3.78,Evening,Premium,64,271.0126649576171
53,10,Rural,Silver,10,3.58,Evening,Economy,168,424.48842846396354
60,50,Suburban,Silver,54,4.57,Afternoon,Premium,38,151.77728650517233
97,58,Urban,Gold,1,4.11,Morning,Premium,83,383.07490640970946
87,77,Urban,Gold,12,3.56,Night,Premium,11,97.78450586126135
74,20,Rural,Silver,68,4.36,Night,Economy,32,119.59407325541466
90,58,Urban,Gold,1,4.7,Afternoon,Premium,21,126.57277068445282
21,8,Rural,Regular,69,4.24,Afternoon,Premium,176,829.5343798843528
70,35,Urban,Silver,35,4.9,Night,Premium,108,418.815349545453
37,7,Suburban,Regular,1,3.92,Evening,Economy,62,233.21310275336953
30,11,Rural,Gold,93,3.56,Night,Premium,155,701.141472496938
64,22,Urban,Regular,26,4.24,Evening,Premium,115,388.72966746525947
40,23,Urban,Silver,6,3.96,Night,Economy,178,528.60807288888
28,18,Urban,Gold,100,3.62,Afternoon,Premium,92,382.03843862699455
85,19,Rural,Gold,17,3.69,Morning,Economy,164,587.331264277609
92,77,Urban,Gold,100,4.26,Night,Economy,47,167.7398193291184
93,56,Suburban,Regular,56,4.65,Evening,Premium,86,304.8360144837103
36,25,Rural,Regular,26,3.57,Afternoon,Economy,122,354.1540979676975
94,50,Suburban,Regular,88,4.95,Night,Premium,49,250.4603273046531
27,8,Rural,Gold,48,4.18,Afternoon,Economy,167,495.2197782062817
86,41,Rural,Regular,96,4.5,Morning,Premium,68,301.5483736351267
22,11,Rural,Regular,39,4.63,Evening,Economy,101,433.03454356764814
95,56,Rural,Silver,86,3.79,Morning,Premium,147,671.4712089285143
99,89,Urban,Silver,63,4.84,Afternoon,Economy,16,49.71329085631081
22,8,Rural,Regular,4,4.84,Morning,Economy,122,408.12976999912195
100,85,Suburban,Silver,59,4.46,Evening,Economy,110,329.4837131421355
61,38,Rural,Silver,100,4.34,Evening,Premium,78,383.3178042225475
33,18,Suburban,Gold,7,4.01,Night,Economy,105,313.06815696851334
39,22,Rural,Gold,63,3.87,Evening,Premium,170,706.6896358975697
37,5,Urban,Silver,75,3.88,Evening,Premium,26,142.6153122038585
95,53,Suburban,Silver,6,4.01,Afternoon,Premium,158,708.8224028092762
28,6,Suburban,Gold,54,4.03,Afternoon,Premium,168,593.065918046481
66,17,Urban,Gold,84,4.47,Night,Economy,139,604.3834014812801
60,11,Suburban,Gold,18,4.29,Evening,Economy,26,100.2582627032478
94,34,Suburban,Gold,99,4.54,Afternoon,Premium,155,685.7612504810801
63,12,Urban,Silver,54,4.47,Evening,Premium,140,446.41301231617626
38,8,Suburban,Silver,59,4.44,Night,Premium,75,291.107936848218
35,21,Suburban,Silver,13,4.14,Morning,Premium,36,193.64239387562827
83,64,Suburban,Gold,78,4.01,Evening,Economy,109,304.52612995371493
62,14,Rural,Silver,33,4.23,Morning,Premium,85,386.83493329476596
88,48,Urban,Gold,52,4.52,Night,Economy,92,230.83258579661484
68,11,Rural,Silver,89,3.66,Evening,Economy,93,333.9106726820272
84,64,Urban,Regular,34,4.13,Evening,Premium,99,353.8098038704909
40,10,Urban,Regular,60,3.87,Night,Premium,79,293.19813425701705
93,20,Urban,Regular,38,4.78,Afternoon,Premium,144,447.08306884380795
57,44,Urban,Gold,78,3.53,Evening,Economy,153,584.888884974888
67,16,Suburban,Gold,24,4.52,Evening,Premium,150,488.1872511532145
68,16,Urban,Silver,91,4.49,Night,Economy,77,246.7577555097292
38,22,Urban,Gold,60,3.6,Morning,Premium,104,312.1731588463509
49,28,Urban,Silver,61,3.9,Evening,Premium,172,576.281119337865
98,59,Urban,Regular,55,4.6,Morning,Economy,100,381.391205400882
47,9,Suburban,Gold,38,4.06,Morning,Economy,141,543.7702542024564
27,11,Urban,Regular,97,4.78,Evening,Premium,137,472.5224037960476
59,29,Urban,Regular,68,4.4,Night,Premium,88,286.05897011629656
56,20,Urban,Regular,74,4.05,Evening,Economy,25,88.95619552388446
50,39,Urban,Gold,62,3.95,Morning,Premium,135,646.9811778631195
93,37,Urban,Gold,37,4.75,Night,Economy,76,292.9246564000302
46,22,Rural,Regular,97,3.51,Morning,Economy,100,395.76984681374796
56,19,Suburban,Silver,16,4.46,Evening,Premium,86,279.6798100890559
37,16,Suburban,Gold,8,4.5,Evening,Economy,46,192.50297743378897
85,58,Urban,Regular,85,4.1,Night,Premium,92,351.77029329216225
27,7,Urban,Regular,89,3.6,Morning,Premium,120,555.4019371049674
44,16,Rural,Silver,31,3.96,Night,Premium,122,395.3781570382596
75,51,Suburban,Regular,68,3.65,Afternoon,Premium,66,261.5103067801241
21,11,Urban,Gold,46,3.84,Morning,Economy,103,397.5648404411393
42,29,Suburban,Silver,67,4.59,Morning,Premium,153,735.2764383329761
25,15,Suburban,Silver,100,4.9,Night,Premium,94,289.4570095389695
67,46,Suburban,Regular,92,4.72,Morning,Economy,32,97.67500136492319
29,6,Suburban,Silver,24,4.37,Afternoon,Economy,50,197.46392160702553
100,70,Urban,Gold,42,4.9,Night,Premium,167,762.8822843495781
37,10,Suburban,Gold,27,4.26,Afternoon,Economy,143,512.44939271165
31,14,Urban,Gold,37,4.3,Night,Premium,103,484.4661863877365
49,12,Suburban,Silver,30,4.37,Afternoon,Premium,84,353.01840875622844
42,19,Rural,Regular,56,4.84,Evening,Premium,144,539.7316715337728
61,5,Rural,Regular,48,4.15,Morning,Economy,29,114.16365482248573
24,7,Suburban,Gold,85,4.36,Night,Economy,169,521.4080460440558
20,10,Rural,Regular,18,4.28,Evening,Premium,123,450.3878805106937
22,9,Urban,Silver,36,4.51,Evening,Premium,10,82.69156896202661
98,87,Suburban,Regular,59,4.26,Afternoon,Economy,13,34.57409278115731
30,14,Urban,Silver,64,4.45,Afternoon,Economy,147,535.1718879088473
32,13,Urban,Regular,75,4.56,Evening,Premium,111,333.4011668412356
22,12,Urban,Silver,49,4.88,Night,Premium,35,179.8388198801664
62,8,Urban,Silver,13,4.2,Night,Premium,65,241.9912178461052
51,27,Urban,Gold,8,4.31,Night,Economy,92,369.38039240192876
85,74,Suburban,Regular,82,3.92,Evening,Premium,177,704.3001292247022
28,9,Urban,Silver,26,3.95,Night,Premium,114,466.9720738288303
93,70,Suburban,Silver,21,3.81,Evening,Economy,12,41.12164471941277
36,9,Suburban,Silver,53,4.46,Night,Premium,127,404.02979977887577
80,22,Rural,Gold,17,4.4,Morning,Economy,141,423.75441798529033
60,24,Rural,Regular,18,4.16,Morning,Premium,45,165.72466245477892
97,45,Urban,Silver,90,3.71,Morning,Premium,151,578.8213877560842
53,14,Suburban,Silver,24,3.99,Afternoon,Premium,161,707.4493979183783
79,22,Rural,Silver,53,3.96,Evening,Premium,126,542.8095730212775
44,24,Urban,Silver,55,4.08,Afternoon,Premium,137,513.9900766589533
34,12,Suburban,Regular,3,4.83,Night,Premium,62,298.3556200090825
55,12,Urban,Silver,96,4.66,Morning,Premium,48,183.2701656673754
49,29,Suburban,Regular,35,4.8,Evening,Premium,160,468.3069201504469
72,54,Rural,Regular,68,3.85,Afternoon,Economy,74,220.4983368386397
72,27,Urban,Gold,76,3.97,Morning,Premium,70,265.94661511348426
99,6,Suburban,Gold,49,4.32,Afternoon,Economy,113,311.4894374116108
21,10,Rural,Regular,22,4.42,Morning,Economy,151,647.8477765247827
50,25,Urban,Silver,89,4.74,Afternoon,Economy,107,383.9141419544756
61,35,Rural,Silver,4,4.77,Morning,Premium,115,557.916185756397
24,5,Rural,Silver,57,4.96,Night,Premium,70,228.7960083986281
31,17,Rural,Silver,71,4.46,Evening,Premium,55,237.76862211931405
35,20,Suburban,Regular,62,3.55,Afternoon,Economy,117,297.0874038526085
74,30,Urban,Regular,97,3.9,Evening,Economy,179,794.3231511066332
94,61,Urban,Regular,12,4.95,Evening,Premium,133,563.8497971641384
44,11,Rural,Silver,31,3.92,Afternoon,Premium,110,339.2870734791633
84,37,Urban,Gold,3,3.83,Evening,Premium,69,248.94765537056492
27,12,Suburban,Regular,39,4.51,Morning,Premium,55,279.2686999169939
59,36,Suburban,Regular,43,3.74,Evening,Premium,25,145.04223833476908
82,20,Urban,Regular,59,3.99,Night,Premium,45,241.82595645073621
24,10,Urban,Gold,24,4.09,Morning,Premium,97,430.60985477056624
84,67,Suburban,Regular,48,4.87,Night,Economy,81,219.99370680056552
52,9,Suburban,Regular,24,4.19,Morning,Economy,102,366.7282586383836
38,12,Rural,Silver,44,4.85,Evening,Economy,110,356.8814026432877
26,12,Urban,Regular,80,4.27,Afternoon,Economy,134,441.4714772887345
61,39,Suburban,Regular,82,4.49,Morning,Premium,46,230.1431447581205
87,41,Rural,Gold,97,4.27,Afternoon,Premium,37,158.89198003545
98,46,Suburban,Gold,55,4.71,Evening,Economy,173,766.9193242115463
24,13,Urban,Silver,54,4.09,Morning,Economy,161,466.72298223301004
44,8,Urban,Gold,43,3.82,Night,Economy,86,233.50662384935427
71,59,Urban,Regular,71,4.47,Evening,Economy,31,104.1037337805616
91,59,Urban,Silver,68,4.77,Night,Economy,15,38.33576819209958
32,14,Urban,Gold,75,4.49,Night,Economy,177,761.0167600703148
79,24,Urban,Silver,0,4.26,Evening,Economy,82,284.8625062809567
73,27,Urban,Regular,55,4.27,Morning,Premium,50,216.06019585156733
32,16,Rural,Silver,80,4.78,Morning,Economy,11,39.37370119886104
22,10,Rural,Silver,5,4.44,Morning,Premium,129,471.7821019342959
35,19,Urban,Silver,45,4.99,Afternoon,Economy,159,508.6730024657942
24,10,Suburban,Regular,79,4.3,Night,Economy,24,95.11851081754354
67,31,Rural,Gold,64,3.62,Night,Economy,169,735.1444900755255
100,73,Urban,Silver,95,3.98,Night,Premium,100,456.60307303079816
66,16,Urban,Silver,94,4.52,Morning,Economy,34,122.24187517858557
96,36,Urban,Regular,57,4.06,Evening,Premium,139,599.8171406236374
60,8,Urban,Regular,68,4.84,Morning,Premium,144,438.5186068324803
92,31,Rural,Silver,54,3.91,Night,Premium,148,516.1330392078827
92,49,Urban,Silver,9,4.23,Evening,Premium,89,397.4831040703401
56,37,Urban,Silver,27,4.12,Afternoon,Premium,68,317.8400260939533
88,71,Rural,Regular,42,4.87,Afternoon,Premium,109,330.78364034759613
87,47,Rural,Silver,6,4.54,Morning,Premium,162,743.3166378180009
85,6,Suburban,Gold,92,4.11,Afternoon,Economy,73,274.17127731249116
98,54,Rural,Regular,34,4.57,Evening,Premium,113,462.4075929220183
28,14,Rural,Regular,24,4.2,Afternoon,Economy,147,533.0802632142761
36,9,Suburban,Silver,22,3.51,Night,Premium,37,143.2178421949143
20,8,Suburban,Silver,38,4.82,Night,Premium,155,574.9456425421428
94,36,Rural,Regular,41,4.57,Morning,Economy,76,215.74176164066196
94,82,Suburban,Gold,48,4.92,Morning,Premium,20,129.7685299495176
70,7,Urban,Regular,13,4.09,Afternoon,Economy,117,321.0007657787772
90,71,Suburban,Regular,37,3.51,Morning,Premium,32,172.59277503910292
42,10,Urban,Silver,56,4.01,Night,Premium,95,455.20978516158993
44,18,Suburban,Gold,88,3.67,Night,Premium,50,199.83974409069756
60,16,Suburban,Regular,28,3.91,Evening,Economy,105,281.0970650985199
26,5,Rural,Silver,7,4.75,Afternoon,Premium,140,413.54800185803066
79,13,Rural,Regular,6,4.63,Afternoon,Economy,38,134.09432585149492
26,8,Rural,Gold,65,3.58,Night,Premium,89,378.50396161301137
62,7,Urban,Silver,2,4.71,Morning,Premium,28,162.05358553352147
42,16,Rural,Gold,33,3.63,Morning,Economy,166,513.1161277813304
57,16,Urban,Regular,0,3.95,Afternoon,Economy,97,308.6385554813678
33,13,Rural,Gold,34,4.78,Morning,Economy,66,239.08854651007988
22,10,Rural,Regular,26,4.97,Morning,Economy,170,562.1650160715976
67,44,Urban,Regular,27,4.69,Morning,Economy,129,467.0198948894929
62,15,Suburban,Silver,15,4.28,Night,Economy,73,327.43334173812747
95,49,Rural,Regular,92,4.27,Night,Premium,99,332.0936161256213
61,36,Urban,Silver,72,4.64,Night,Premium,109,457.0853188522962
48,12,Rural,Silver,25,4.26,Night,Economy,180,552.8162271192283
93,59,Rural,Regular,30,4.11,Afternoon,Premium,89,281.0521288708149
59,18,Urban,Gold,67,3.86,Morning,Economy,98,288.3451530321269
95,73,Urban,Regular,20,3.59,Evening,Premium,138,666.8242060496077
71,33,Suburban,Regular,4,4.88,Evening,Premium,109,436.0192372930386
20,7,Suburban,Gold,71,3.83,Morning,Premium,51,248.22030676592635
23,7,Urban,Gold,96,3.97,Afternoon,Premium,165,493.2338839519256
80,69,Suburban,Silver,94,4.44,Night,Economy,74,291.5110820764234
58,10,Urban,Gold,51,4.27,Night,Premium,138,459.0606514814432
71,25,Urban,Gold,72,4.46,Evening,Economy,169,603.9358824371426
69,26,Rural,Gold,48,4.28,Evening,Premium,175,502.6040622268877
89,54,Suburban,Gold,48,4.38,Afternoon,Economy,24,74.78832688768996
84,62,Urban,Silver,52,4.61,Afternoon,Economy,29,126.23081147979764
98,61,Urban,Silver,91,4.28,Night,Economy,95,319.94237960548924
95,25,Urban,Gold,26,3.62,Morning,Economy,81,207.61291922267668
79,29,Rural,Silver,29,4.22,Night,Economy,99,304.74417790488224
82,10,Urban,Silver,97,4.43,Night,Economy,177,481.7658793191911
87,5,Rural,Gold,6,3.76,Evening,Economy,28,83.3353748167845
83,35,Rural,Gold,3,4.32,Night,Premium,116,513.6451022177532
47,9,Rural,Regular,5,4.81,Night,Premium,178,561.374877548703
34,7,Urban,Silver,54,4.71,Night,Premium,149,516.51117285383
26,13,Rural,Regular,14,4.19,Morning,Economy,174,666.4286805847338
88,7,Rural,Gold,11,3.64,Night,Premium,130,573.2085393656391
57,26,Rural,Regular,92,3.8,Evening,Premium,67,283.79792515074917
45,17,Rural,Silver,67,4.7,Afternoon,Economy,15,66.78323718712389
82,26,Urban,Gold,35,4.71,Morning,Economy,114,289.2390324634591
54,39,Rural,Gold,88,4.59,Evening,Economy,42,147.42638660593482
95,24,Suburban,Gold,79,3.5,Afternoon,Economy,130,552.2304431046015
63,31,Suburban,Silver,2,3.81,Evening,Premium,160,632.5601419476765
43,18,Urban,Gold,58,4.22,Evening,Economy,156,494.74525748477635
33,14,Suburban,Regular,87,4.81,Evening,Premium,17,118.98653335805044
33,23,Urban,Gold,24,4.21,Morning,Premium,11,91.38952597435123
84,29,Urban,Regular,92,4.55,Morning,Premium,94,424.15598670174626
44,6,Suburban,Gold,80,4.13,Night,Premium,40,157.36483032789283
53,27,Suburban,Regular,78,3.63,Night,Premium,58,279.09504825213924
78,63,Rural,Gold,14,4.21,Afternoon,Economy,147,655.065105532243
